food,parasite,rep,clutch,age,NB
H,C,1,1,8,6
H,C,1,2,11,9
H,C,1,3,13,8
H,C,1,4,16,12
H,C,1,5,19,12
H,C,1,6,21,12
H,C,1,7,24,13
H,C,1,8,27,15
H,C,1,9,30,11
H,C,1,10,32,18
H,C,1,11,35,18
H,C,1,12,38,20
H,C,1,13,40,25
H,C,1,14,43,16
H,C,1,15,46,20
H,C,1,16,49,17
H,C,1,17,52,18
H,C,1,18,55,17
H,C,1,19,57,5
H,C,1,20,59,13
H,C,2,1,8,7
H,C,2,2,10,12
H,C,2,3,13,10
H,C,2,4,16,12
H,C,2,5,18,18
H,C,2,6,21,15
H,C,2,7,24,17
H,C,3,1,8,7
H,C,3,2,10,12
H,C,3,3,13,10
H,C,3,4,16,13
H,C,3,5,18,17
H,C,3,6,21,20
H,C,3,7,23,21
H,C,3,8,26,16
H,C,3,9,30,24
H,C,3,10,34,24
H,C,3,11,37,20
H,C,3,12,39,26
H,C,3,13,42,23
H,C,3,14,45,20
H,C,3,15,48,28
H,C,3,16,51,19
H,C,3,17,53,23
H,C,3,18,56,16
H,C,3,19,59,18
H,C,3,20,62,16
H,C,4,1,NA,NA
H,C,5,1,7,5
H,C,5,2,13,8
H,C,5,3,15,10
H,C,5,4,18,16
H,C,5,5,21,12
H,C,5,6,23,14
H,C,5,7,26,10
H,C,5,8,30,18
H,C,5,9,34,14
H,C,6,1,8,5
H,C,6,2,10,11
H,C,6,3,13,7
H,C,6,4,15,11
H,C,6,5,18,18
H,C,6,6,21,14
H,C,6,7,23,14
H,C,6,8,30,5
H,C,6,9,34,19
H,C,6,10,37,14
H,C,6,11,40,17
H,C,6,12,42,8
H,C,7,1,8,7
H,C,7,2,10,2
H,C,8,1,7,6
H,C,8,2,10,12
H,C,8,3,13,8
H,C,8,4,15,12
H,C,8,5,18,21
H,C,8,6,21,15
H,C,8,7,23,16
H,C,8,8,26,12
H,C,8,9,30,19
H,C,8,10,34,21
H,C,8,11,37,14
H,C,8,12,40,26
H,C,8,13,42,12
H,C,9,1,8,7
H,C,9,2,10,12
H,C,9,1,13,12
H,C,9,2,16,11
H,C,9,3,18,16
H,C,9,4,21,20
H,C,9,5,23,18
H,C,9,6,26,12
H,C,9,7,32,17
H,C,9,8,34,17
H,C,9,9,37,8
H,C,9,10,40,6
H,C,9,11,50,5
H,C,9,12,53,7
H,C,9,13,56,13
H,C,9,14,59,13
H,C,9,15,62,8
H,C,9,16,65,8
H,C,9,17,69,9
H,C,9,18,72,7
H,C,10,1,8,7
H,C,10,2,10,10
H,C,10,3,13,9
H,C,10,4,15,9
H,C,10,5,18,14
H,C,10,6,21,11
H,C,10,7,23,15
H,C,10,8,26,13
H,C,10,9,30,16
H,C,10,10,34,17
H,C,11,1,8,8
H,C,11,2,11,10
H,C,11,3,13,9
H,C,11,4,16,10
H,C,11,5,18,12
H,C,11,6,21,14
H,C,11,7,24,16
H,C,11,8,26,10
H,C,11,9,30,13
H,C,11,10,32,17
H,C,11,11,35,16
H,C,11,12,37,12
H,C,11,13,40,18
H,C,11,14,43,13
H,C,11,15,46,13
H,C,11,16,49,20
H,C,11,17,51,20
H,C,11,18,53,21
H,C,11,19,57,18
H,C,11,20,60,13
H,C,11,21,63,9
H,C,11,22,67,8
H,C,12,1,8,4
H,C,12,2,11,12
H,C,12,3,13,10
H,C,12,4,16,11
H,C,12,5,18,15
H,C,12,6,21,11
H,C,12,7,24,17
H,C,12,8,26,14
H,C,13,1,8,6
H,C,13,2,11,11
H,C,13,3,13,8
H,C,13,4,16,11
H,C,13,5,18,15
H,C,13,6,21,10
H,C,13,7,24,15
H,C,13,8,26,11
H,C,13,9,30,16
H,C,14,1,10,8
H,C,14,2,13,8
H,C,14,3,15,11
H,C,14,4,18,12
H,C,14,5,21,13
H,C,14,6,23,15
H,C,14,7,26,12
H,C,14,8,30,23
H,C,14,9,34,20
H,C,14,10,37,16
H,C,14,11,40,20
H,C,14,12,43,11
H,C,15,1,7,7
H,C,15,2,10,12
H,C,15,3,13,6
H,C,15,4,15,11
H,C,15,5,18,13
H,C,15,6,20,15
H,C,16,1,8,7
H,C,16,2,10,9
H,C,16,3,13,8
H,C,16,4,16,10
H,C,16,5,18,15
H,C,16,6,21,12
H,C,16,7,24,16
H,C,16,8,26,13
H,C,16,9,30,12
H,C,16,10,32,17
H,C,16,11,35,16
H,C,16,12,38,14
H,C,16,13,40,20
H,C,16,14,43,8
H,C,16,15,46,13
H,C,16,16,49,19
H,C,16,17,52,13
H,C,16,18,54,18
H,C,16,19,58,12
H,C,16,20,61,17
H,C,16,21,68,1
H,C,17,1,8,9
H,C,17,2,10,11
H,C,17,3,13,9
H,C,17,4,15,12
H,C,17,5,18,17
H,C,17,6,21,16
H,C,17,7,23,17
H,C,17,8,26,12
H,C,18,1,8,5
H,C,19,1,8,4
H,C,20,1,8,6
H,C,20,2,10,9
H,C,20,3,13,8
H,C,20,4,15,10
H,C,20,5,18,12
H,C,20,6,21,11
H,C,20,7,23,14
H,C,20,8,26,10
H,C,20,9,30,18
H,C,20,10,34,16
H,C,20,11,37,12
H,C,20,12,40,22
H,C,20,13,42,17
H,C,20,14,45,20
H,C,20,15,48,17
H,C,20,16,51,14
H,C,20,17,54,16
H,C,20,18,56,14
H,C,21,1,8,5
H,C,21,2,10,10
H,C,21,3,13,10
H,C,21,4,16,12
H,C,21,5,18,15
H,C,21,6,20,15
H,C,21,7,23,15
H,C,22,1,8,6
H,C,22,2,10,10
H,C,22,3,13,9
H,C,22,4,16,11
H,C,22,5,18,12
H,C,22,6,21,14
H,C,22,7,23,15
H,C,22,8,26,10
H,C,22,9,30,17
H,C,22,10,34,22
H,C,22,11,37,16
H,C,22,12,40,15
H,C,22,13,42,13
H,C,22,14,48,15
H,C,22,15,51,17
H,C,22,16,54,15
H,C,22,17,56,15
H,C,22,18,59,15
H,C,22,19,63,5
H,C,22,20,67,7
H,C,22,21,70,1
H,C,23,1,8,6
H,C,23,2,10,10
H,C,23,3,13,9
H,C,23,4,15,10
H,C,24,1,8,6
H,C,24,2,10,9
H,C,24,3,13,8
H,C,24,4,16,11
H,C,24,5,18,13
H,C,24,6,21,11
H,C,24,7,24,12
H,C,25,1,8,7
H,C,25,2,10,10
H,C,25,3,13,8
H,C,25,4,16,10
H,C,25,5,18,16
H,C,25,6,21,16
H,C,25,7,23,13
H,C,25,8,26,13
H,C,25,9,30,5
H,C,26,1,7,6
H,C,26,2,10,10
H,C,26,3,13,9
H,C,26,4,15,10
H,C,26,5,18,17
H,C,26,6,21,14
H,C,26,7,23,13
H,C,26,8,26,13
H,C,26,9,30,27
H,C,26,10,34,21
H,C,26,11,37,19
H,C,26,12,40,18
H,C,26,13,42,15
H,C,26,14,45,18
H,C,26,15,48,17
H,C,26,16,51,12
H,C,26,17,54,10
H,C,27,1,8,6
H,C,27,2,10,8
H,C,27,3,13,10
H,C,27,4,16,9
H,C,27,5,18,16
H,C,27,6,21,12
H,C,27,7,24,12
H,C,28,1,7,7
H,C,28,2,10,11
H,C,28,3,13,11
H,C,28,4,16,12
H,C,28,5,18,13
H,C,28,6,21,12
H,C,28,7,24,14
H,C,28,8,26,12
H,C,28,9,30,7
H,C,28,10,32,18
H,C,28,11,35,12
H,C,28,12,37,19
H,C,28,13,40,22
H,C,28,14,43,17
H,C,28,15,46,22
H,C,28,16,49,19
H,C,28,17,52,16
H,C,28,18,55,20
H,C,28,19,57,19
H,C,28,20,60,19
H,C,29,1,8,7
H,C,30,1,8,6
H,C,30,2,10,11
H,C,30,3,13,9
H,C,30,4,16,9
H,C,30,5,19,13
H,C,30,6,21,13
L,C,1,1,9,2
L,C,1,2,12,4
L,C,1,3,15,3
L,C,1,4,18,5
L,C,1,5,21,6
L,C,1,6,23,6
L,C,2,1,9,1
L,C,2,2,12,4
L,C,2,3,14,2
L,C,2,4,17,2
L,C,2,5,20,4
L,C,2,6,23,7
L,C,2,7,26,7
L,C,3,1,9,2
L,C,3,2,12,4
L,C,3,3,14,5
L,C,3,4,17,4
L,C,3,5,20,6
L,C,3,6,23,8
L,C,4,1,9,2
L,C,4,2,12,5
L,C,4,3,15,7
L,C,4,4,17,5
L,C,4,5,21,2
L,C,4,6,23,8
L,C,5,1,9,2
L,C,5,2,12,4
L,C,5,3,15,7
L,C,6,1,9,3
L,C,6,2,12,4
L,C,6,3,15,5
L,C,6,4,18,3
L,C,6,5,20,4
L,C,6,6,23,6
L,C,7,1,10,2
L,C,7,2,12,5
L,C,7,3,15,7
L,C,7,4,18,9
L,C,7,5,21,5
L,C,7,6,25,5
L,C,8,1,9,4
L,C,8,2,12,3
L,C,8,3,14,3
L,C,8,4,17,1
L,C,8,5,20,5
L,C,8,6,23,8
L,C,8,7,26,6
L,C,9,1,9,2
L,C,9,2,12,4
L,C,9,3,15,6
L,C,9,4,17,4
L,C,9,5,21,3
L,C,9,6,23,6
L,C,10,1,9,2
L,C,10,2,12,4
L,C,10,3,14,6
L,C,10,4,17,8
L,C,10,5,20,7
L,C,10,6,23,9
L,C,11,1,9,5
L,C,11,2,11,5
L,C,11,3,14,6
L,C,11,4,17,6
L,C,11,5,20,6
L,C,11,6,23,5
L,C,12,1,11,4
L,C,12,2,14,5
L,C,12,3,17,8
L,C,12,4,20,7
L,C,12,5,23,7
L,C,13,1,9,1
L,C,13,2,12,4
L,C,13,3,15,3
L,C,13,4,18,5
L,C,13,5,20,4
L,C,13,6,23,6
L,C,13,7,26,4
L,C,14,1,9,2
L,C,14,2,12,4
L,C,14,3,15,5
L,C,14,4,18,6
L,C,14,5,20,4
L,C,14,6,23,6
L,C,15,1,9,2
L,C,15,2,12,3
L,C,15,3,15,5
L,C,15,4,18,8
L,C,15,5,20,3
L,C,15,6,23,8
L,C,16,1,9,2
L,C,16,2,12,4
L,C,16,3,15,6
L,C,16,4,17,6
L,C,16,5,20,1
L,C,16,6,23,4
L,C,17,1,9,7
L,C,17,2,12,5
L,C,17,3,15,4
L,C,17,4,18,2
L,C,17,5,20,3
L,C,17,6,23,6
L,C,18,1,9,2
L,C,18,2,11,5
L,C,18,3,14,7
L,C,18,4,17,8
L,C,18,5,20,6
L,C,18,6,23,7
L,C,18,7,26,5
L,C,19,1,9,4
L,C,19,2,12,4
L,C,19,3,15,6
L,C,19,4,17,7
L,C,19,5,20,4
L,C,19,6,26,5
L,C,20,1,9,1
L,C,20,2,12,4
L,C,20,3,14,7
L,C,20,4,17,8
L,C,20,5,20,6
L,C,21,1,9,1
L,C,21,2,12,4
L,C,21,3,15,4
L,C,21,4,18,5
L,C,21,5,20,4
L,C,21,6,23,4
L,C,22,1,9,2
L,C,22,2,11,5
L,C,22,3,14,6
L,C,22,4,17,6
L,C,22,5,20,6
L,C,22,6,23,8
L,C,23,1,8,4
L,C,23,2,11,4
L,C,23,3,14,4
L,C,23,4,17,7
L,C,23,5,20,4
L,C,23,6,22,5
L,C,24,1,9,1
L,C,24,2,11,4
L,C,24,3,14,4
L,C,24,4,17,6
L,C,24,5,20,5
L,C,24,6,22,7
L,C,24,7,25,6
L,C,24,8,28,1
L,C,24,9,30,7
L,C,24,10,34,2
L,C,25,1,9,2
L,C,25,2,12,4
L,C,25,3,14,5
L,C,25,4,17,2
L,C,25,5,20,4
L,C,25,6,23,5
L,C,26,1,9,3
L,C,27,1,9,2
L,C,27,2,12,5
L,C,27,3,15,5
L,C,27,4,17,6
L,C,27,5,23,7
L,C,27,6,26,6
L,C,28,1,9,1
L,C,28,2,12,4
L,C,28,3,15,7
L,C,28,4,17,4
L,C,29,1,9,1
L,C,29,2,12,4
L,C,29,3,15,6
L,C,29,4,17,5
L,C,29,5,21,2
L,C,29,6,23,7
L,C,30,1,9,1
L,C,30,2,12,4
L,C,30,3,15,6
L,C,30,4,17,5
L,C,30,5,20,3
L,C,30,6,23,3
L,C,30,7,27,5
H,MG,1,1,8,6
H,MG,1,2,10,10
H,MG,1,3,13,12
H,MG,1,4,15,10
H,MG,1,5,18,6
H,MG,2,1,8,7
H,MG,2,2,10,10
H,MG,2,3,13,10
H,MG,2,4,15,10
H,MG,2,5,18,14
H,MG,2,6,21,11
H,MG,3,1,7,6
H,MG,3,2,10,9
H,MG,3,3,13,8
H,MG,3,4,15,9
H,MG,3,5,18,10
H,MG,3,6,21,5
H,MG,3,7,25,1
H,MG,4,1,7,7
H,MG,4,2,10,10
H,MG,4,3,13,13
H,MG,4,4,15,12
H,MG,4,5,18,18
H,MG,4,6,21,15
H,MG,4,7,24,16
H,MG,5,1,8,6
H,MG,5,2,10,15
H,MG,5,3,13,11
H,MG,5,4,16,11
H,MG,5,5,18,13
H,MG,5,6,21,15
H,MG,5,7,24,13
H,MG,6,1,8,10
H,MG,6,2,13,13
H,MG,6,3,16,12
H,MG,6,4,18,16
H,MG,6,5,21,8
H,MG,6,6,25,10
H,MG,6,7,30,12
H,MG,6,8,32,17
H,MG,6,9,36,9
H,MG,6,10,38,13
H,MG,6,11,41,9
H,MG,6,12,44,10
H,MG,6,13,46,9
H,MG,6,14,49,8
H,MG,6,15,52,7
H,MG,6,16,55,7
H,MG,6,17,58,6
H,MG,6,18,61,8
H,MG,7,1,NA,NA
H,MG,8,1,7,7
H,MG,8,2,10,12
H,MG,8,3,13,9
H,MG,8,4,15,10
H,MG,8,5,18,13
H,MG,8,6,21,8
H,MG,8,7,23,9
H,MG,9,1,7,9
H,MG,9,2,10,14
H,MG,9,3,13,12
H,MG,9,4,15,10
H,MG,9,5,18,12
H,MG,9,6,21,11
H,MG,9,7,23,13
H,MG,9,8,25,1
H,MG,10,1,7,4
H,MG,10,2,10,11
H,MG,10,3,13,12
H,MG,10,4,15,11
H,MG,10,5,18,19
H,MG,10,6,21,10
H,MG,10,7,24,7
H,MG,11,1,8,5
H,MG,11,2,10,10
H,MG,11,3,13,11
H,MG,11,4,15,12
H,MG,11,5,18,13
H,MG,11,6,21,10
H,MG,11,7,24,12
H,MG,12,1,8,8
H,MG,12,2,10,8
H,MG,12,3,13,9
H,MG,12,4,16,11
H,MG,12,5,18,12
H,MG,12,6,21,8
H,MG,12,7,24,12
H,MG,12,8,28,2
H,MG,12,9,30,5
H,MG,12,10,33,5
H,MG,12,11,36,5
H,MG,12,12,38,13
H,MG,12,13,41,9
H,MG,13,1,8,6
H,MG,14,1,8,5
H,MG,14,2,10,11
H,MG,14,3,13,11
H,MG,14,4,16,14
H,MG,14,5,19,18
H,MG,14,6,21,8
H,MG,14,7,24,13
H,MG,15,1,8,7
H,MG,16,1,7,4
H,MG,16,1,10,9
H,MG,16,2,12,8
H,MG,16,3,15,10
H,MG,16,4,18,16
H,MG,16,5,21,5
H,MG,16,6,23,4
H,MG,16,7,29,2
H,MG,16,8,31,6
H,MG,16,9,34,9
H,MG,16,10,37,6
H,MG,16,11,39,10
H,MG,16,12,41,9
H,MG,16,13,43,4
H,MG,16,14,45,8
H,MG,16,15,48,5
H,MG,16,16,50,6
H,MG,16,17,54,5
H,MG,16,18,59,9
H,MG,16,19,62,12
H,MG,17,1,7,4
H,MG,17,2,9,9
H,MG,17,3,12,10
H,MG,17,4,14,10
H,MG,18,1,8,6
H,MG,19,1,8,4
H,MG,20,1,8,8
H,MG,20,2,10,10
H,MG,20,3,13,10
H,MG,20,4,16,12
H,MG,20,5,18,15
H,MG,20,6,21,17
H,MG,20,7,24,11
H,MG,20,8,27,17
H,MG,20,9,30,4
H,MG,20,10,32,9
H,MG,20,11,35,23
H,MG,20,12,37,25
H,MG,20,13,40,13
H,MG,20,14,42,1
H,MG,20,15,44,1
H,MG,20,16,47,7
H,MG,20,17,49,13
H,MG,20,18,55,10
H,MG,20,19,58,7
H,MG,20,20,61,6
H,MG,20,21,64,5
H,MG,21,1,8,5
H,MG,21,2,10,8
H,MG,21,3,13,8
H,MG,21,4,16,17
H,MG,21,5,18,16
H,MG,21,6,21,13
H,MG,21,7,24,12
H,MG,22,1,7,4
H,MG,22,2,10,4
H,MG,23,1,8,7
H,MG,23,2,10,10
H,MG,23,3,13,13
H,MG,23,4,16,13
H,MG,23,5,18,19
H,MG,23,6,21,16
H,MG,23,7,24,14
H,MG,24,1,8,3
H,MG,24,2,10,8
H,MG,24,3,13,7
H,MG,24,4,16,13
H,MG,24,5,18,11
H,MG,24,6,21,6
H,MG,24,7,24,8
H,MG,25,1,8,6
H,MG,25,2,10,10
H,MG,25,3,13,14
H,MG,25,4,16,13
H,MG,25,5,18,16
H,MG,25,6,21,7
H,MG,25,7,24,13
H,MG,26,1,8,7
H,MG,26,2,10,9
H,MG,26,3,13,10
H,MG,26,4,16,10
H,MG,26,5,18,17
H,MG,26,6,21,10
H,MG,26,7,24,15
H,MG,26,8,27,12
H,MG,26,9,29,12
H,MG,26,10,32,12
H,MG,26,11,36,10
H,MG,26,12,39,6
H,MG,26,13,41,3
H,MG,26,14,44,7
H,MG,26,15,47,6
H,MG,27,1,8,3
H,MG,27,2,10,9
H,MG,27,3,13,15
H,MG,27,4,16,12
H,MG,27,5,18,17
H,MG,27,6,21,10
H,MG,27,7,24,7
H,MG,28,1,8,6
H,MG,28,2,10,8
H,MG,28,3,16,13
H,MG,28,4,18,18
H,MG,28,5,21,8
H,MG,28,6,24,8
H,MG,28,7,29,7
H,MG,28,8,32,12
H,MG,28,9,35,26
H,MG,28,10,38,13
H,MG,28,11,40,8
H,MG,28,12,44,6
H,MG,28,13,47,11
H,MG,28,14,50,9
H,MG,28,15,60,8
H,MG,28,16,62,13
H,MG,28,17,65,4
H,MG,29,1,8,5
H,MG,29,2,12,7
H,MG,29,3,14,9
H,MG,29,4,16,11
H,MG,29,5,19,13
H,MG,29,6,22,12
H,MG,29,7,24,13
H,MG,29,8,30,6
H,MG,29,9,32,14
H,MG,29,10,40,10
H,MG,29,11,44,5
H,MG,29,12,47,8
H,MG,29,13,56,7
H,MG,29,14,59,9
H,MG,29,15,62,14
H,MG,29,16,64,9
H,MG,29,17,68,6
H,MG,30,1,8,7
H,MG,30,2,11,11
H,MG,30,3,13,7
H,MG,30,4,16,13
H,MG,30,5,19,12
H,MG,30,6,21,15
H,MG,30,7,24,13
L,MG,1,1,9,4
L,MG,1,2,12,3
L,MG,1,3,15,5
L,MG,1,4,17,5
L,MG,2,1,NA,NA
L,MG,3,1,9,3
L,MG,3,2,11,4
L,MG,3,3,14,4
L,MG,3,4,17,5
L,MG,3,5,20,3
L,MG,3,6,23,6
L,MG,3,7,26,4
L,MG,3,8,29,3
L,MG,4,1,9,1
L,MG,4,2,12,4
L,MG,4,3,15,5
L,MG,4,4,18,4
L,MG,5,1,9,2
L,MG,5,2,12,5
L,MG,5,3,15,8
L,MG,5,4,18,5
L,MG,6,1,9,2
L,MG,6,2,12,5
L,MG,6,3,15,5
L,MG,6,4,18,4
L,MG,7,1,9,2
L,MG,7,2,12,4
L,MG,7,3,15,5
L,MG,7,4,18,4
L,MG,8,1,9,2
L,MG,8,2,12,5
L,MG,8,3,15,5
L,MG,8,4,18,4
L,MG,8,5,21,2
L,MG,9,1,9,1
L,MG,9,2,12,4
L,MG,9,3,15,5
L,MG,9,4,18,3
L,MG,10,1,10,2
L,MG,10,2,12,4
L,MG,10,3,15,6
L,MG,11,1,9,2
L,MG,11,2,12,1
L,MG,11,3,15,4
L,MG,11,4,18,4
L,MG,11,5,20,3
L,MG,12,1,9,2
L,MG,12,2,12,3
L,MG,12,3,15,8
L,MG,12,4,18,5
L,MG,12,5,20,2
L,MG,12,6,23,2
L,MG,12,7,27,1
L,MG,13,1,9,3
L,MG,13,2,12,3
L,MG,13,3,25,5
L,MG,13,4,28,6
L,MG,13,5,30,6
L,MG,13,6,33,6
L,MG,13,7,36,6
L,MG,13,8,39,4
L,MG,13,9,42,4
L,MG,13,10,45,6
L,MG,13,11,48,4
L,MG,13,12,60,9
L,MG,14,1,9,2
L,MG,14,2,12,6
L,MG,14,3,15,6
L,MG,14,4,17,4
L,MG,15,1,9,2
L,MG,15,2,11,4
L,MG,15,3,14,5
L,MG,15,4,17,5
L,MG,15,5,20,4
L,MG,15,6,23,8
L,MG,15,7,27,3
L,MG,15,8,30,3
L,MG,15,9,32,4
L,MG,15,10,35,5
L,MG,15,11,38,3
L,MG,15,12,41,4
L,MG,15,13,43,1
L,MG,15,14,45,4
L,MG,15,15,47,4
L,MG,15,16,50,2
L,MG,15,17,53,3
L,MG,15,18,56,5
L,MG,15,19,59,7
L,MG,16,1,9,2
L,MG,16,2,12,4
L,MG,16,3,15,6
L,MG,16,4,18,3
L,MG,17,1,9,1
L,MG,17,2,12,5
L,MG,17,3,14,6
L,MG,17,4,17,8
L,MG,17,5,20,4
L,MG,17,6,23,6
L,MG,17,7,26,3
L,MG,18,1,9,2
L,MG,18,2,12,2
L,MG,18,3,14,5
L,MG,18,4,17,5
L,MG,18,5,20,4
L,MG,19,1,9,3
L,MG,19,2,12,5
L,MG,19,3,14,4
L,MG,19,4,17,3
L,MG,19,5,20,3
L,MG,19,6,23,5
L,MG,19,7,30,4
L,MG,19,8,32,6
L,MG,20,1,9,3
L,MG,20,2,12,5
L,MG,20,3,15,5
L,MG,20,4,18,6
L,MG,20,5,21,3
L,MG,21,1,9,5
L,MG,21,2,12,6
L,MG,21,3,14,4
L,MG,21,4,17,1
L,MG,21,5,24,2
L,MG,21,6,28,3
L,MG,21,7,30,6
L,MG,21,8,33,6
L,MG,22,1,9,4
L,MG,22,2,12,7
L,MG,22,3,14,2
L,MG,22,4,17,3
L,MG,22,5,27,3
L,MG,23,1,NA,NA
L,MG,24,1,9,2
L,MG,24,2,12,4
L,MG,24,3,15,4
L,MG,24,4,18,3
L,MG,24,5,21,1
L,MG,24,6,24,3
L,MG,25,1,9,2
L,MG,25,2,12,5
L,MG,25,3,14,7
L,MG,25,4,17,7
L,MG,25,5,20,2
L,MG,25,6,23,4
L,MG,25,7,27,2
L,MG,25,8,29,5
L,MG,25,9,32,6
L,MG,26,1,9,2
L,MG,26,2,12,5
L,MG,26,3,15,5
L,MG,26,4,18,1
L,MG,26,5,21,1
L,MG,26,6,24,1
L,MG,27,1,9,4
L,MG,27,2,12,4
L,MG,28,1,NA,NA
L,MG,29,1,9,4
L,MG,29,2,12,3
L,MG,29,3,15,4
L,MG,30,1,9,4
L,MG,30,2,12,2
H,MET,1,1,NA,NA
H,MET,2,1,8,6
H,MET,2,2,11,7
H,MET,2,3,14,2
H,MET,3,1,8,4
H,MET,3,2,11,7
H,MET,3,3,14,8
H,MET,4,1,8,4
H,MET,4,2,11,6
H,MET,4,3,14,7
H,MET,5,1,8,6
H,MET,5,2,10,8
H,MET,5,3,13,11
H,MET,6,1,8,4
H,MET,6,2,11,6
H,MET,6,3,13,5
H,MET,7,1,8,5
H,MET,7,2,10,8
H,MET,7,3,14,7
H,MET,7,4,16,6
H,MET,8,1,NA,NA
H,MET,9,1,8,4
H,MET,9,2,11,6
H,MET,9,3,14,4
H,MET,10,1,8,4
H,MET,10,2,11,9
H,MET,10,3,13,10
H,MET,11,1,8,4
H,MET,11,2,10,6
H,MET,11,3,14,6
H,MET,12,1,NA,NA
H,MET,13,1,8,4
H,MET,13,2,11,5
H,MET,13,3,14,5
H,MET,14,1,8,3
H,MET,14,2,11,7
H,MET,14,3,14,6
H,MET,15,1,8,5
H,MET,15,2,11,5
H,MET,15,3,14,5
H,MET,16,1,8,6
H,MET,16,2,11,3
H,MET,16,3,13,8
H,MET,17,1,8,4
H,MET,17,2,11,7
H,MET,17,3,13,8
H,MET,18,1,8,3
H,MET,18,2,11,7
H,MET,18,3,14,6
H,MET,19,1,8,5
H,MET,19,2,11,7
H,MET,19,3,13,9
H,MET,20,1,8,5
H,MET,20,2,11,4
H,MET,20,3,13,5
H,MET,21,1,8,5
H,MET,21,2,11,7
H,MET,21,3,14,6
H,MET,22,1,8,6
H,MET,22,2,11,5
H,MET,22,3,14,5
H,MET,22,4,16,8
H,MET,23,1,8,5
H,MET,23,2,11,5
H,MET,23,3,13,9
H,MET,24,1,8,4
H,MET,24,2,11,9
H,MET,24,3,13,6
H,MET,24,4,16,10
H,MET,25,1,8,4
H,MET,25,2,11,9
H,MET,26,1,8,5
H,MET,26,2,11,8
H,MET,26,3,14,5
H,MET,27,1,8,5
H,MET,27,2,11,7
H,MET,27,3,14,5
H,MET,28,1,8,6
H,MET,28,2,11,6
H,MET,28,3,13,5
H,MET,29,1,8,6
H,MET,29,2,10,8
H,MET,29,3,13,10
H,MET,29,4,16,5
H,MET,30,1,8,5
H,MET,30,2,11,8
H,MET,30,3,13,8
H,MET,30,4,16,3
L,MET,1,1,12,2
L,MET,1,2,15,2
L,MET,2,1,10,2
L,MET,2,2,12,2
L,MET,2,3,15,3
L,MET,3,1,9,1
L,MET,3,2,12,3
L,MET,4,1,10,2
L,MET,4,2,12,4
L,MET,4,3,15,3
L,MET,4,4,18,5
L,MET,4,5,21,3
L,MET,4,6,24,4
L,MET,5,1,10,1
L,MET,5,2,13,4
L,MET,5,3,16,5
L,MET,5,4,19,6
L,MET,6,1,9,1
L,MET,6,2,12,3
L,MET,6,3,15,2
L,MET,7,1,12,3
L,MET,7,2,15,4
L,MET,8,1,9,1
L,MET,8,2,12,3
L,MET,9,1,9,2
L,MET,9,2,15,6
L,MET,10,1,10,3
L,MET,10,2,12,3
L,MET,10,3,16,1
L,MET,11,1,10,2
L,MET,11,2,12,4
L,MET,11,3,15,3
L,MET,12,1,10,1
L,MET,12,2,12,5
L,MET,12,3,15,5
L,MET,13,1,13,2
L,MET,13,2,16,1
L,MET,14,1,12,3
L,MET,14,2,15,4
L,MET,15,1,10,1
L,MET,15,2,13,4
L,MET,15,3,15,6
L,MET,16,1,12,2
L,MET,16,2,15,3
L,MET,17,1,10,1
L,MET,17,2,12,3
L,MET,17,3,15,4
L,MET,18,1,10,1
L,MET,18,2,12,4
L,MET,18,3,15,2
L,MET,19,1,11,5
L,MET,19,2,13,1
L,MET,19,3,15,5
L,MET,20,1,9,1
L,MET,20,2,12,4
L,MET,20,3,15,3
L,MET,21,1,12,3
L,MET,22,1,9,2
L,MET,22,2,12,2
L,MET,22,3,15,4
L,MET,22,4,19,1
L,MET,23,1,13,2
L,MET,24,1,11,5
L,MET,24,2,15,5
L,MET,24,3,18,7
L,MET,24,4,20,6
L,MET,24,5,23,7
L,MET,24,6,26,5
L,MET,24,7,29,7
L,MET,24,8,32,7
L,MET,24,9,35,7
L,MET,24,10,38,2
L,MET,25,1,10,2
L,MET,25,2,12,3
L,MET,25,3,15,5
L,MET,25,4,18,7
L,MET,25,5,26,2
L,MET,25,6,28,4
L,MET,25,7,31,5
L,MET,25,8,34,8
L,MET,26,1,9,2
L,MET,26,2,11,3
L,MET,27,1,11,1
L,MET,27,2,13,4
L,MET,27,3,16,4
L,MET,28,1,10,1
L,MET,28,2,12,4
L,MET,28,3,15,3
L,MET,29,1,12,1
L,MET,30,1,11,2
L,MET,30,2,14,3
H,MG_MET,1,1,8,6
H,MG_MET,1,2,10,11
H,MG_MET,1,3,13,8
H,MG_MET,1,4,16,4
H,MG_MET,2,1,8,5
H,MG_MET,2,2,11,6
H,MG_MET,2,3,14,4
H,MG_MET,3,1,8,5
H,MG_MET,3,2,11,8
H,MG_MET,3,3,14,3
H,MG_MET,4,1,8,4
H,MG_MET,4,2,11,6
H,MG_MET,4,3,14,7
H,MG_MET,4,4,16,6
H,MG_MET,5,1,7,2
H,MG_MET,5,2,9,4
H,MG_MET,5,3,12,6
H,MG_MET,5,4,15,9
H,MG_MET,6,1,8,4
H,MG_MET,6,2,11,4
H,MG_MET,6,3,14,3
H,MG_MET,7,1,8,4
H,MG_MET,7,2,11,6
H,MG_MET,7,3,16,8
H,MG_MET,8,1,8,1
H,MG_MET,8,2,10,4
H,MG_MET,8,3,12,2
H,MG_MET,8,4,14,4
H,MG_MET,9,1,8,4
H,MG_MET,9,2,11,6
H,MG_MET,9,3,14,2
H,MG_MET,10,1,8,4
H,MG_MET,10,2,11,6
H,MG_MET,10,3,14,8
H,MG_MET,10,4,16,10
H,MG_MET,11,1,NA,NA
H,MG_MET,12,1,8,5
H,MG_MET,12,2,11,7
H,MG_MET,12,3,13,9
H,MG_MET,12,4,16,2
H,MG_MET,13,1,8,4
H,MG_MET,13,2,11,6
H,MG_MET,13,3,13,10
H,MG_MET,13,4,16,10
H,MG_MET,13,5,18,14
H,MG_MET,13,6,21,12
H,MG_MET,13,7,24,10
H,MG_MET,13,8,28,14
H,MG_MET,13,9,32,19
H,MG_MET,13,10,35,11
H,MG_MET,13,11,37,15
H,MG_MET,13,12,50,1
H,MG_MET,13,13,52,6
H,MG_MET,13,14,55,12
H,MG_MET,13,15,57,8
H,MG_MET,13,16,60,7
H,MG_MET,14,1,8,6
H,MG_MET,14,2,10,6
H,MG_MET,14,3,13,10
H,MG_MET,15,1,8,5
H,MG_MET,15,2,11,7
H,MG_MET,15,3,13,7
H,MG_MET,15,4,16,2
H,MG_MET,16,1,8,7
H,MG_MET,16,2,11,7
H,MG_MET,16,3,14,2
H,MG_MET,17,1,8,5
H,MG_MET,17,2,10,8
H,MG_MET,17,3,13,8
H,MG_MET,18,1,8,5
H,MG_MET,18,2,11,6
H,MG_MET,18,3,13,7
H,MG_MET,18,4,16,6
H,MG_MET,18,5,19,8
H,MG_MET,19,1,8,4
H,MG_MET,19,2,11,5
H,MG_MET,19,3,14,3
H,MG_MET,20,1,8,4
H,MG_MET,20,2,11,7
H,MG_MET,20,3,14,4
H,MG_MET,21,1,8,4
H,MG_MET,21,2,11,9
H,MG_MET,21,3,13,6
H,MG_MET,22,1,8,6
H,MG_MET,22,2,11,7
H,MG_MET,22,3,13,7
H,MG_MET,23,1,8,6
H,MG_MET,23,2,11,7
H,MG_MET,23,3,14,5
H,MG_MET,24,1,8,5
H,MG_MET,24,2,11,8
H,MG_MET,24,3,13,9
H,MG_MET,24,4,16,5
H,MG_MET,25,1,8,6
H,MG_MET,25,2,11,6
H,MG_MET,25,3,13,8
H,MG_MET,25,4,16,7
H,MG_MET,26,1,NA,NA
H,MG_MET,27,1,8,4
H,MG_MET,27,2,11,7
H,MG_MET,27,3,14,4
H,MG_MET,28,1,8,3
H,MG_MET,28,2,11,7
H,MG_MET,28,3,13,6
H,MG_MET,28,4,16,6
H,MG_MET,29,1,8,1
H,MG_MET,29,2,11,6
H,MG_MET,29,3,13,3
H,MG_MET,30,1,8,5
H,MG_MET,30,2,11,6
L,MG_MET,1,1,9,1
L,MG_MET,1,2,12,4
L,MG_MET,1,3,15,2
L,MG_MET,2,1,10,2
L,MG_MET,2,2,12,3
L,MG_MET,2,3,15,3
L,MG_MET,3,1,9,2
L,MG_MET,3,2,12,3
L,MG_MET,4,1,9,2
L,MG_MET,4,2,12,5
L,MG_MET,4,3,15,2
L,MG_MET,5,1,10,2
L,MG_MET,5,2,12,4
L,MG_MET,5,3,16,1
L,MG_MET,6,1,10,3
L,MG_MET,6,2,12,4
L,MG_MET,6,3,15,2
L,MG_MET,6,4,20,1
L,MG_MET,7,1,9,4
L,MG_MET,7,2,11,5
L,MG_MET,7,3,15,4
L,MG_MET,7,4,18,5
L,MG_MET,7,5,21,1
L,MG_MET,7,6,25,2
L,MG_MET,8,1,10,2
L,MG_MET,8,2,12,5
L,MG_MET,8,3,15,6
L,MG_MET,8,4,18,6
L,MG_MET,9,1,9,3
L,MG_MET,9,2,12,4
L,MG_MET,10,1,10,2
L,MG_MET,10,2,12,4
L,MG_MET,10,3,15,4
L,MG_MET,10,4,19,1
L,MG_MET,11,1,9,2
L,MG_MET,11,2,12,3
L,MG_MET,11,3,15,5
L,MG_MET,11,4,18,4
L,MG_MET,11,5,20,4
L,MG_MET,11,6,25,4
L,MG_MET,12,1,10,2
L,MG_MET,12,2,12,3
L,MG_MET,12,3,15,5
L,MG_MET,13,1,9,3
L,MG_MET,13,2,12,4
L,MG_MET,13,3,14,6
L,MG_MET,13,4,17,6
L,MG_MET,13,5,20,3
L,MG_MET,13,6,23,4
L,MG_MET,14,1,10,1
L,MG_MET,14,2,12,3
L,MG_MET,14,3,15,3
L,MG_MET,15,1,10,1
L,MG_MET,15,2,13,4
L,MG_MET,15,3,16,4
L,MG_MET,16,1,10,2
L,MG_MET,16,2,12,4
L,MG_MET,16,3,15,4
L,MG_MET,17,1,12,3
L,MG_MET,17,2,15,5
L,MG_MET,17,3,17,4
L,MG_MET,18,1,9,4
L,MG_MET,18,2,12,2
L,MG_MET,18,3,15,2
L,MG_MET,19,1,9,2
L,MG_MET,19,2,12,3
L,MG_MET,20,1,9,3
L,MG_MET,20,2,12,5
L,MG_MET,20,3,14,5
L,MG_MET,20,4,17,4
L,MG_MET,21,1,12,4
L,MG_MET,21,2,15,5
L,MG_MET,22,1,10,1
L,MG_MET,22,2,12,4
L,MG_MET,22,3,15,5
L,MG_MET,22,4,18,8
L,MG_MET,22,5,21,3
L,MG_MET,22,6,24,1
L,MG_MET,23,1,10,3
L,MG_MET,23,2,13,2
L,MG_MET,23,3,16,3
L,MG_MET,24,1,NA,NA
L,MG_MET,25,1,9,2
L,MG_MET,25,2,12,4
L,MG_MET,25,3,15,5
L,MG_MET,25,4,18,3
L,MG_MET,26,1,10,1
L,MG_MET,26,2,12,4
L,MG_MET,26,3,15,4
L,MG_MET,27,1,10,1
L,MG_MET,27,2,13,3
L,MG_MET,27,3,16,3
L,MG_MET,28,1,10,2
L,MG_MET,28,2,12,4
L,MG_MET,28,3,18,1
L,MG_MET,29,1,10,1
L,MG_MET,29,2,12,2
L,MG_MET,29,3,15,3
L,MG_MET,30,1,10,2
L,MG_MET,30,2,12,3
L,MG_MET,30,3,15,3
H,LATE_MET,1,1,8,7
H,LATE_MET,1,2,11,11
H,LATE_MET,1,3,13,12
H,LATE_MET,1,4,16,12
H,LATE_MET,1,5,18,19
H,LATE_MET,1,6,21,12
H,LATE_MET,1,7,24,13
H,LATE_MET,1,8,27,17
H,LATE_MET,1,9,29,9
H,LATE_MET,2,1,8,4
H,LATE_MET,3,1,8,7
H,LATE_MET,3,2,11,8
H,LATE_MET,3,3,13,10
H,LATE_MET,3,4,16,7
H,LATE_MET,3,5,18,13
H,LATE_MET,3,6,21,16
H,LATE_MET,3,7,24,15
H,LATE_MET,4,1,8,9
H,LATE_MET,4,2,10,7
H,LATE_MET,4,3,13,9
H,LATE_MET,4,4,16,11
H,LATE_MET,4,5,18,10
H,LATE_MET,4,6,23,3
H,LATE_MET,5,1,8,7
H,LATE_MET,6,1,8,7
H,LATE_MET,6,2,11,9
H,LATE_MET,6,3,13,9
H,LATE_MET,6,4,16,8
H,LATE_MET,6,5,18,15
H,LATE_MET,6,6,21,18
H,LATE_MET,6,7,24,14
H,LATE_MET,7,1,8,8
H,LATE_MET,7,2,10,9
H,LATE_MET,7,3,13,9
H,LATE_MET,7,4,16,8
H,LATE_MET,7,5,18,15
H,LATE_MET,7,6,21,13
H,LATE_MET,7,7,24,16
H,LATE_MET,7,8,27,18
H,LATE_MET,7,9,30,16
H,LATE_MET,8,1,8,6
H,LATE_MET,9,1,8,4
H,LATE_MET,9,2,11,8
H,LATE_MET,9,3,13,10
H,LATE_MET,9,4,16,9
H,LATE_MET,9,5,18,12
H,LATE_MET,9,6,21,9
H,LATE_MET,9,7,24,14
H,LATE_MET,9,8,27,8
H,LATE_MET,9,9,29,4
H,LATE_MET,10,1,8,7
H,LATE_MET,11,1,8,4
H,LATE_MET,12,1,8,6
H,LATE_MET,12,2,11,8
H,LATE_MET,12,3,13,10
H,LATE_MET,12,4,16,10
H,LATE_MET,12,5,18,17
H,LATE_MET,12,6,21,16
H,LATE_MET,12,7,24,14
H,LATE_MET,12,8,27,10
H,LATE_MET,12,9,30,6
H,LATE_MET,12,10,32,11
H,LATE_MET,13,1,8,7
H,LATE_MET,13,2,11,7
H,LATE_MET,13,3,13,11
H,LATE_MET,13,4,16,13
H,LATE_MET,13,5,18,15
H,LATE_MET,13,6,21,19
H,LATE_MET,13,7,24,17
H,LATE_MET,14,1,8,4
H,LATE_MET,14,2,11,9
H,LATE_MET,14,3,13,9
H,LATE_MET,14,4,16,11
H,LATE_MET,14,5,18,18
H,LATE_MET,14,6,21,16
H,LATE_MET,15,1,8,6
H,LATE_MET,15,2,10,7
H,LATE_MET,15,3,12,10
H,LATE_MET,15,4,15,11
H,LATE_MET,15,5,18,11
H,LATE_MET,15,6,20,13
H,LATE_MET,15,7,23,13
H,LATE_MET,15,8,15,2
H,LATE_MET,16,1,8,7
H,LATE_MET,16,2,11,8
H,LATE_MET,16,3,13,10
H,LATE_MET,16,4,16,13
H,LATE_MET,16,5,18,22
H,LATE_MET,16,6,21,16
H,LATE_MET,16,7,24,15
H,LATE_MET,16,8,27,8
H,LATE_MET,17,1,8,6
H,LATE_MET,17,2,10,11
H,LATE_MET,17,3,13,12
H,LATE_MET,17,4,15,12
H,LATE_MET,17,5,18,22
H,LATE_MET,17,6,20,19
H,LATE_MET,17,7,23,27
H,LATE_MET,18,1,8,7
H,LATE_MET,18,2,11,8
H,LATE_MET,18,3,13,8
H,LATE_MET,18,4,16,11
H,LATE_MET,18,5,18,14
H,LATE_MET,18,6,21,19
H,LATE_MET,18,7,24,18
H,LATE_MET,18,8,26,2
H,LATE_MET,19,1,8,6
H,LATE_MET,20,1,8,7
H,LATE_MET,20,2,11,9
H,LATE_MET,20,3,13,13
H,LATE_MET,20,4,16,12
H,LATE_MET,20,5,18,15
H,LATE_MET,20,6,21,14
H,LATE_MET,20,7,24,12
H,LATE_MET,21,1,8,5
H,LATE_MET,21,2,11,9
H,LATE_MET,21,3,13,12
H,LATE_MET,21,4,16,15
H,LATE_MET,21,5,19,16
H,LATE_MET,21,6,21,18
H,LATE_MET,21,7,24,18
H,LATE_MET,21,8,27,7
H,LATE_MET,21,9,29,6
H,LATE_MET,22,1,8,6
H,LATE_MET,22,2,11,10
H,LATE_MET,22,3,13,10
H,LATE_MET,22,4,16,11
H,LATE_MET,22,5,19,20
H,LATE_MET,22,6,21,15
H,LATE_MET,23,1,8,4
H,LATE_MET,23,2,11,11
H,LATE_MET,23,3,13,13
H,LATE_MET,23,4,16,15
H,LATE_MET,23,5,18,20
H,LATE_MET,23,6,21,17
H,LATE_MET,23,7,24,15
H,LATE_MET,24,1,8,6
H,LATE_MET,24,2,11,10
H,LATE_MET,24,3,13,11
H,LATE_MET,24,4,16,15
H,LATE_MET,24,5,18,19
H,LATE_MET,24,6,21,16
H,LATE_MET,25,1,8,3
H,LATE_MET,25,2,11,8
H,LATE_MET,25,3,13,8
H,LATE_MET,25,4,16,12
H,LATE_MET,25,5,18,14
H,LATE_MET,25,6,21,14
H,LATE_MET,25,7,24,15
H,LATE_MET,26,1,8,7
H,LATE_MET,26,2,11,11
H,LATE_MET,26,3,13,12
H,LATE_MET,26,4,16,16
H,LATE_MET,26,5,19,19
H,LATE_MET,26,6,21,16
H,LATE_MET,26,7,24,17
H,LATE_MET,27,1,8,6
H,LATE_MET,27,2,10,9
H,LATE_MET,27,3,13,10
H,LATE_MET,27,4,15,15
H,LATE_MET,27,5,18,18
H,LATE_MET,27,6,21,21
H,LATE_MET,27,7,24,21
H,LATE_MET,28,1,8,5
H,LATE_MET,28,2,11,9
H,LATE_MET,28,3,13,10
H,LATE_MET,28,4,16,13
H,LATE_MET,28,5,18,16
H,LATE_MET,28,6,21,18
H,LATE_MET,28,7,24,17
H,LATE_MET,28,8,27,3
H,LATE_MET,28,9,29,17
H,LATE_MET,28,10,32,13
H,LATE_MET,29,1,7,8
H,LATE_MET,29,2,10,9
H,LATE_MET,29,3,13,8
H,LATE_MET,29,4,15,11
H,LATE_MET,29,5,18,12
H,LATE_MET,29,6,21,16
H,LATE_MET,29,7,23,16
H,LATE_MET,30,1,8,5
H,LATE_MET,30,2,11,3
H,LATE_MET,30,3,13,8
H,LATE_MET,30,4,16,11
H,LATE_MET,30,5,18,15
H,LATE_MET,30,6,21,13
H,LATE_MET,30,7,24,18
H,LATE_MET,30,8,27,12
H,LATE_MET,30,9,29,12
L,LATE_MET,1,1,9,4
L,LATE_MET,1,2,12,4
L,LATE_MET,1,3,15,5
L,LATE_MET,1,4,18,8
L,LATE_MET,1,5,20,4
L,LATE_MET,1,6,23,8
L,LATE_MET,1,7,26,2
L,LATE_MET,1,8,29,9
L,LATE_MET,1,9,32,8
L,LATE_MET,2,1,9,3
L,LATE_MET,2,2,11,2
L,LATE_MET,2,3,13,8
L,LATE_MET,2,4,17,4
L,LATE_MET,2,5,20,5
L,LATE_MET,2,6,23,3
L,LATE_MET,3,1,10,2
L,LATE_MET,3,2,16,6
L,LATE_MET,3,3,19,4
L,LATE_MET,3,4,26,3
L,LATE_MET,3,5,28,1
L,LATE_MET,4,1,9,3
L,LATE_MET,4,2,11,4
L,LATE_MET,5,1,9,6
L,LATE_MET,5,2,11,2
L,LATE_MET,5,3,14,4
L,LATE_MET,5,4,17,4
L,LATE_MET,5,5,20,3
L,LATE_MET,5,6,22,6
L,LATE_MET,5,7,25,10
L,LATE_MET,5,8,28,6
L,LATE_MET,5,9,31,7
L,LATE_MET,6,1,9,3
L,LATE_MET,6,2,11,4
L,LATE_MET,6,3,14,5
L,LATE_MET,6,4,17,8
L,LATE_MET,6,5,20,5
L,LATE_MET,6,6,23,8
L,LATE_MET,6,7,26,5
L,LATE_MET,6,8,29,6
L,LATE_MET,6,9,31,15
L,LATE_MET,6,10,34,7
L,LATE_MET,7,1,9,4
L,LATE_MET,7,2,11,5
L,LATE_MET,7,3,14,5
L,LATE_MET,7,4,17,7
L,LATE_MET,7,5,20,7
L,LATE_MET,7,6,22,10
L,LATE_MET,7,7,26,6
L,LATE_MET,7,8,28,5
L,LATE_MET,7,9,31,6
L,LATE_MET,7,10,34,4
L,LATE_MET,8,1,NA,NA
L,LATE_MET,9,1,9,4
L,LATE_MET,9,2,11,4
L,LATE_MET,10,1,9,4
L,LATE_MET,10,2,12,5
L,LATE_MET,10,3,15,6
L,LATE_MET,10,4,17,6
L,LATE_MET,10,5,20,3
L,LATE_MET,10,6,23,8
L,LATE_MET,10,7,26,3
L,LATE_MET,10,8,30,6
L,LATE_MET,10,9,32,10
L,LATE_MET,10,10,34,1
L,LATE_MET,11,1,NA,NA
L,LATE_MET,12,1,9,3
L,LATE_MET,12,2,11,3
L,LATE_MET,12,3,14,6
L,LATE_MET,12,4,17,5
L,LATE_MET,12,5,20,3
L,LATE_MET,12,6,23,8
L,LATE_MET,12,7,26,2
L,LATE_MET,13,1,9,1
L,LATE_MET,14,1,9,4
L,LATE_MET,14,2,12,4
L,LATE_MET,14,3,14,7
L,LATE_MET,14,4,17,7
L,LATE_MET,14,5,20,5
L,LATE_MET,14,6,23,7
L,LATE_MET,14,7,26,4
L,LATE_MET,15,1,9,5
L,LATE_MET,15,2,12,5
L,LATE_MET,15,3,14,6
L,LATE_MET,15,4,17,5
L,LATE_MET,15,5,20,5
L,LATE_MET,15,6,23,7
L,LATE_MET,15,7,26,2
L,LATE_MET,15,8,29,8
L,LATE_MET,15,9,32,5
L,LATE_MET,16,1,9,5
L,LATE_MET,16,2,12,4
L,LATE_MET,16,3,15,4
L,LATE_MET,16,4,17,4
L,LATE_MET,16,5,20,3
L,LATE_MET,16,6,23,8
L,LATE_MET,16,7,26,1
L,LATE_MET,16,8,29,6
L,LATE_MET,16,9,32,6
L,LATE_MET,17,1,9,4
L,LATE_MET,17,2,12,6
L,LATE_MET,17,3,14,6
L,LATE_MET,17,4,17,4
L,LATE_MET,18,1,9,4
L,LATE_MET,18,2,12,4
L,LATE_MET,18,3,15,4
L,LATE_MET,18,4,17,4
L,LATE_MET,18,5,20,4
L,LATE_MET,19,1,9,5
L,LATE_MET,19,2,11,4
L,LATE_MET,19,3,14,4
L,LATE_MET,19,4,17,6
L,LATE_MET,19,5,20,4
L,LATE_MET,19,6,23,8
L,LATE_MET,20,1,9,4
L,LATE_MET,20,2,11,4
L,LATE_MET,20,3,17,7
L,LATE_MET,20,4,20,5
L,LATE_MET,20,5,23,6
L,LATE_MET,20,6,25,5
L,LATE_MET,21,1,9,3
L,LATE_MET,21,2,11,4
L,LATE_MET,21,3,14,2
L,LATE_MET,21,4,17,6
L,LATE_MET,21,5,20,5
L,LATE_MET,21,6,23,7
L,LATE_MET,21,7,26,2
L,LATE_MET,21,8,29,4
L,LATE_MET,22,1,9,4
L,LATE_MET,22,2,12,4
L,LATE_MET,22,3,14,7
L,LATE_MET,22,4,17,4
L,LATE_MET,22,5,20,4
L,LATE_MET,22,6,23,5
L,LATE_MET,22,7,26,5
L,LATE_MET,23,1,NA,NA
L,LATE_MET,24,1,9,2
L,LATE_MET,24,2,12,3
L,LATE_MET,24,3,15,2
L,LATE_MET,24,4,18,3
L,LATE_MET,24,5,20,4
L,LATE_MET,24,6,23,6
L,LATE_MET,24,7,26,4
L,LATE_MET,24,8,29,6
L,LATE_MET,24,9,32,5
L,LATE_MET,25,1,9,1
L,LATE_MET,25,2,11,4
L,LATE_MET,25,3,14,6
L,LATE_MET,25,4,20,4
L,LATE_MET,25,5,23,6
L,LATE_MET,25,6,26,6
L,LATE_MET,25,7,28,6
L,LATE_MET,25,8,31,7
L,LATE_MET,26,1,9,2
L,LATE_MET,26,2,12,4
L,LATE_MET,26,3,14,7
L,LATE_MET,26,4,17,5
L,LATE_MET,26,5,20,5
L,LATE_MET,26,6,23,7
L,LATE_MET,27,1,9,2
L,LATE_MET,27,2,11,4
L,LATE_MET,27,3,14,7
L,LATE_MET,27,4,17,6
L,LATE_MET,27,5,20,5
L,LATE_MET,27,6,23,8
L,LATE_MET,27,7,26,2
L,LATE_MET,28,1,9,3
L,LATE_MET,28,2,11,4
L,LATE_MET,28,3,14,2
L,LATE_MET,28,4,17,6
L,LATE_MET,28,5,20,4
L,LATE_MET,28,6,23,7
L,LATE_MET,28,7,26,9
L,LATE_MET,28,8,28,5
L,LATE_MET,28,9,30,1
L,LATE_MET,28,10,32,2
L,LATE_MET,28,11,35,3
L,LATE_MET,29,1,9,2
L,LATE_MET,29,2,12,6
L,LATE_MET,29,3,15,5
L,LATE_MET,29,4,18,5
L,LATE_MET,29,5,20,5
L,LATE_MET,29,6,23,10
L,LATE_MET,29,7,26,3
L,LATE_MET,29,8,29,5
L,LATE_MET,29,9,32,1
L,LATE_MET,30,1,9,1
L,LATE_MET,30,2,11,4
L,LATE_MET,30,3,15,1
L,LATE_MET,30,4,17,3
L,LATE_MET,30,5,20,4
L,LATE_MET,30,6,23,7
L,LATE_MET,30,7,26,6
H,MG_LATE_MET,1,1,7,6
H,MG_LATE_MET,1,2,10,8
H,MG_LATE_MET,1,3,13,7
H,MG_LATE_MET,1,4,15,10
H,MG_LATE_MET,1,5,18,12
H,MG_LATE_MET,1,6,21,7
H,MG_LATE_MET,2,1,8,4
H,MG_LATE_MET,2,2,10,9
H,MG_LATE_MET,2,3,13,9
H,MG_LATE_MET,2,4,16,13
H,MG_LATE_MET,2,5,18,17
H,MG_LATE_MET,2,6,21,14
H,MG_LATE_MET,2,7,24,14
H,MG_LATE_MET,3,1,8,9
H,MG_LATE_MET,3,2,10,6
H,MG_LATE_MET,3,3,13,9
H,MG_LATE_MET,3,4,15,12
H,MG_LATE_MET,3,5,18,11
H,MG_LATE_MET,3,6,21,12
H,MG_LATE_MET,3,7,23,10
H,MG_LATE_MET,4,1,8,4
H,MG_LATE_MET,4,2,10,11
H,MG_LATE_MET,4,3,13,12
H,MG_LATE_MET,4,4,15,12
H,MG_LATE_MET,4,5,18,14
H,MG_LATE_MET,4,6,21,13
H,MG_LATE_MET,4,7,23,14
H,MG_LATE_MET,5,1,8,6
H,MG_LATE_MET,5,2,10,10
H,MG_LATE_MET,5,3,13,11
H,MG_LATE_MET,5,4,15,10
H,MG_LATE_MET,5,5,18,14
H,MG_LATE_MET,5,6,21,14
H,MG_LATE_MET,5,7,24,13
H,MG_LATE_MET,6,1,8,5
H,MG_LATE_MET,6,2,10,12
H,MG_LATE_MET,6,3,13,11
H,MG_LATE_MET,6,4,16,11
H,MG_LATE_MET,6,5,18,15
H,MG_LATE_MET,6,6,21,8
H,MG_LATE_MET,6,7,24,6
H,MG_LATE_MET,7,1,7,5
H,MG_LATE_MET,7,2,9,6
H,MG_LATE_MET,7,3,12,10
H,MG_LATE_MET,7,4,14,13
H,MG_LATE_MET,7,5,17,15
H,MG_LATE_MET,7,6,19,22
H,MG_LATE_MET,7,7,22,15
H,MG_LATE_MET,7,8,25,12
H,MG_LATE_MET,8,1,8,9
H,MG_LATE_MET,8,2,10,8
H,MG_LATE_MET,8,3,13,9
H,MG_LATE_MET,8,4,16,11
H,MG_LATE_MET,8,5,19,14
H,MG_LATE_MET,8,6,21,5
H,MG_LATE_MET,8,7,24,11
H,MG_LATE_MET,8,8,28,2
H,MG_LATE_MET,9,1,8,7
H,MG_LATE_MET,9,2,10,8
H,MG_LATE_MET,9,3,13,10
H,MG_LATE_MET,9,4,16,15
H,MG_LATE_MET,9,5,18,16
H,MG_LATE_MET,9,6,21,9
H,MG_LATE_MET,9,7,24,13
H,MG_LATE_MET,10,1,8,3
H,MG_LATE_MET,10,2,10,8
H,MG_LATE_MET,10,3,13,9
H,MG_LATE_MET,10,4,16,13
H,MG_LATE_MET,10,5,18,16
H,MG_LATE_MET,10,6,21,15
H,MG_LATE_MET,10,7,23,7
H,MG_LATE_MET,11,1,8,9
H,MG_LATE_MET,11,2,10,12
H,MG_LATE_MET,11,3,13,12
H,MG_LATE_MET,11,4,16,17
H,MG_LATE_MET,11,5,18,16
H,MG_LATE_MET,11,6,21,8
H,MG_LATE_MET,11,7,24,13
H,MG_LATE_MET,12,1,8,5
H,MG_LATE_MET,12,2,10,9
H,MG_LATE_MET,12,3,13,10
H,MG_LATE_MET,12,4,16,10
H,MG_LATE_MET,12,5,18,18
H,MG_LATE_MET,12,6,21,11
H,MG_LATE_MET,12,7,24,5
H,MG_LATE_MET,13,1,8,8
H,MG_LATE_MET,13,2,10,10
H,MG_LATE_MET,13,3,13,9
H,MG_LATE_MET,13,4,16,12
H,MG_LATE_MET,13,5,18,20
H,MG_LATE_MET,13,6,21,14
H,MG_LATE_MET,13,7,24,13
H,MG_LATE_MET,14,1,8,6
H,MG_LATE_MET,14,2,10,7
H,MG_LATE_MET,14,3,13,8
H,MG_LATE_MET,14,4,15,10
H,MG_LATE_MET,14,5,19,16
H,MG_LATE_MET,14,6,21,8
H,MG_LATE_MET,14,7,23,9
H,MG_LATE_MET,15,1,8,7
H,MG_LATE_MET,15,2,10,10
H,MG_LATE_MET,15,3,13,13
H,MG_LATE_MET,15,4,16,11
H,MG_LATE_MET,15,5,18,20
H,MG_LATE_MET,15,6,21,13
H,MG_LATE_MET,15,7,24,11
H,MG_LATE_MET,16,1,NA,NA
H,MG_LATE_MET,17,1,8,5
H,MG_LATE_MET,17,2,10,12
H,MG_LATE_MET,17,3,13,13
H,MG_LATE_MET,17,4,16,14
H,MG_LATE_MET,17,5,18,18
H,MG_LATE_MET,17,6,21,12
H,MG_LATE_MET,17,7,24,15
H,MG_LATE_MET,18,1,7,6
H,MG_LATE_MET,18,2,10,11
H,MG_LATE_MET,18,3,12,11
H,MG_LATE_MET,18,4,15,12
H,MG_LATE_MET,18,5,19,15
H,MG_LATE_MET,18,6,21,11
H,MG_LATE_MET,18,7,23,11
H,MG_LATE_MET,19,1,8,6
H,MG_LATE_MET,19,2,10,11
H,MG_LATE_MET,19,3,13,10
H,MG_LATE_MET,19,4,16,13
H,MG_LATE_MET,19,5,18,13
H,MG_LATE_MET,19,6,21,11
H,MG_LATE_MET,19,7,24,13
H,MG_LATE_MET,20,1,8,6
H,MG_LATE_MET,20,2,10,12
H,MG_LATE_MET,20,3,13,13
H,MG_LATE_MET,20,4,15,13
H,MG_LATE_MET,20,5,18,17
H,MG_LATE_MET,20,6,21,17
H,MG_LATE_MET,20,7,24,15
H,MG_LATE_MET,21,1,8,6
H,MG_LATE_MET,21,2,10,7
H,MG_LATE_MET,21,3,13,8
H,MG_LATE_MET,21,4,16,10
H,MG_LATE_MET,21,5,18,10
H,MG_LATE_MET,21,6,21,9
H,MG_LATE_MET,21,7,24,11
H,MG_LATE_MET,22,1,8,6
H,MG_LATE_MET,22,2,10,10
H,MG_LATE_MET,22,3,13,10
H,MG_LATE_MET,22,4,16,12
H,MG_LATE_MET,22,5,18,13
H,MG_LATE_MET,22,6,21,9
H,MG_LATE_MET,22,7,24,10
H,MG_LATE_MET,23,1,8,7
H,MG_LATE_MET,23,2,10,8
H,MG_LATE_MET,23,3,13,10
H,MG_LATE_MET,23,4,15,11
H,MG_LATE_MET,23,5,18,13
H,MG_LATE_MET,23,6,21,10
H,MG_LATE_MET,23,7,23,8
H,MG_LATE_MET,24,1,8,7
H,MG_LATE_MET,24,2,10,10
H,MG_LATE_MET,24,3,13,11
H,MG_LATE_MET,24,4,16,13
H,MG_LATE_MET,24,5,18,18
H,MG_LATE_MET,24,6,21,15
H,MG_LATE_MET,24,7,24,13
H,MG_LATE_MET,25,1,8,6
H,MG_LATE_MET,25,2,10,9
H,MG_LATE_MET,25,3,13,12
H,MG_LATE_MET,25,4,16,13
H,MG_LATE_MET,25,5,18,17
H,MG_LATE_MET,25,6,21,10
H,MG_LATE_MET,25,7,24,10
H,MG_LATE_MET,26,1,9,8
H,MG_LATE_MET,26,2,12,9
H,MG_LATE_MET,26,3,15,8
H,MG_LATE_MET,26,4,17,14
H,MG_LATE_MET,26,5,20,13
H,MG_LATE_MET,26,6,23,9
H,MG_LATE_MET,27,1,8,6
H,MG_LATE_MET,27,2,10,8
H,MG_LATE_MET,27,3,13,10
H,MG_LATE_MET,27,4,16,10
H,MG_LATE_MET,27,5,18,15
H,MG_LATE_MET,27,6,21,8
H,MG_LATE_MET,28,1,8,6
H,MG_LATE_MET,28,2,11,9
H,MG_LATE_MET,28,3,14,8
H,MG_LATE_MET,28,4,16,11
H,MG_LATE_MET,28,5,19,15
H,MG_LATE_MET,28,6,22,9
H,MG_LATE_MET,28,7,24,2
H,MG_LATE_MET,29,1,8,6
H,MG_LATE_MET,29,2,10,9
H,MG_LATE_MET,29,3,13,8
H,MG_LATE_MET,29,4,16,12
H,MG_LATE_MET,29,5,18,11
H,MG_LATE_MET,29,6,21,11
H,MG_LATE_MET,29,7,24,8
H,MG_LATE_MET,29,8,32,9
H,MG_LATE_MET,29,9,35,11
H,MG_LATE_MET,29,10,38,14
H,MG_LATE_MET,29,11,40,16
H,MG_LATE_MET,29,12,43,2
H,MG_LATE_MET,29,13,47,7
H,MG_LATE_MET,29,14,49,9
H,MG_LATE_MET,29,15,52,8
H,MG_LATE_MET,29,16,55,8
H,MG_LATE_MET,29,17,57,4
H,MG_LATE_MET,29,18,60,5
H,MG_LATE_MET,29,19,62,1
H,MG_LATE_MET,29,20,64,2
H,MG_LATE_MET,29,21,67,6
H,MG_LATE_MET,29,22,70,4
H,MG_LATE_MET,30,1,8,3
H,MG_LATE_MET,30,2,10,6
H,MG_LATE_MET,30,3,13,9
H,MG_LATE_MET,30,4,16,10
H,MG_LATE_MET,30,5,18,13
H,MG_LATE_MET,30,6,21,10
L,MG_LATE_MET,1,1,9,3
L,MG_LATE_MET,1,2,12,7
L,MG_LATE_MET,1,3,15,3
L,MG_LATE_MET,1,4,18,3
L,MG_LATE_MET,2,1,9,3
L,MG_LATE_MET,2,2,12,5
L,MG_LATE_MET,2,3,14,5
L,MG_LATE_MET,2,4,17,5
L,MG_LATE_MET,2,5,20,5
L,MG_LATE_MET,2,6,23,2
L,MG_LATE_MET,3,1,9,4
L,MG_LATE_MET,3,2,12,4
L,MG_LATE_MET,3,3,15,5
L,MG_LATE_MET,3,4,17,5
L,MG_LATE_MET,3,5,20,2
L,MG_LATE_MET,4,1,9,3
L,MG_LATE_MET,4,2,12,4
L,MG_LATE_MET,4,3,15,4
L,MG_LATE_MET,4,4,18,7
L,MG_LATE_MET,4,5,21,1
L,MG_LATE_MET,5,1,9,3
L,MG_LATE_MET,5,2,12,4
L,MG_LATE_MET,5,3,15,6
L,MG_LATE_MET,5,4,18,4
L,MG_LATE_MET,5,5,21,1
L,MG_LATE_MET,6,1,10,4
L,MG_LATE_MET,6,2,12,5
L,MG_LATE_MET,6,3,15,4
L,MG_LATE_MET,6,4,18,5
L,MG_LATE_MET,6,5,21,1
L,MG_LATE_MET,7,1,9,1
L,MG_LATE_MET,7,2,12,5
L,MG_LATE_MET,7,3,15,6
L,MG_LATE_MET,7,4,18,6
L,MG_LATE_MET,8,1,10,1
L,MG_LATE_MET,8,2,12,4
L,MG_LATE_MET,8,3,15,5
L,MG_LATE_MET,8,4,18,6
L,MG_LATE_MET,8,5,20,3
L,MG_LATE_MET,9,1,9,4
L,MG_LATE_MET,9,2,12,5
L,MG_LATE_MET,9,3,15,6
L,MG_LATE_MET,9,4,18,5
L,MG_LATE_MET,10,1,9,4
L,MG_LATE_MET,10,2,12,4
L,MG_LATE_MET,10,3,14,4
L,MG_LATE_MET,10,4,17,5
L,MG_LATE_MET,10,5,20,4
L,MG_LATE_MET,11,1,9,2
L,MG_LATE_MET,11,2,12,5
L,MG_LATE_MET,11,3,15,6
L,MG_LATE_MET,11,4,18,6
L,MG_LATE_MET,11,5,21,4
L,MG_LATE_MET,11,6,23,1
L,MG_LATE_MET,12,1,10,3
L,MG_LATE_MET,12,2,12,3
L,MG_LATE_MET,12,3,15,5
L,MG_LATE_MET,12,4,18,5
L,MG_LATE_MET,12,5,20,5
L,MG_LATE_MET,13,1,9,5
L,MG_LATE_MET,13,2,12,5
L,MG_LATE_MET,13,3,15,5
L,MG_LATE_MET,13,4,18,4
L,MG_LATE_MET,13,5,21,2
L,MG_LATE_MET,14,1,9,2
L,MG_LATE_MET,14,2,12,5
L,MG_LATE_MET,14,3,14,7
L,MG_LATE_MET,14,4,17,8
L,MG_LATE_MET,14,5,20,4
L,MG_LATE_MET,14,6,23,6
L,MG_LATE_MET,15,1,9,4
L,MG_LATE_MET,15,2,12,5
L,MG_LATE_MET,15,3,15,4
L,MG_LATE_MET,15,4,18,2
L,MG_LATE_MET,16,1,9,2
L,MG_LATE_MET,16,2,12,6
L,MG_LATE_MET,16,3,15,9
L,MG_LATE_MET,16,4,18,6
L,MG_LATE_MET,16,5,21,3
L,MG_LATE_MET,17,1,9,4
L,MG_LATE_MET,17,2,12,4
L,MG_LATE_MET,17,3,15,4
L,MG_LATE_MET,17,4,18,4
L,MG_LATE_MET,18,1,9,2
L,MG_LATE_MET,18,2,12,6
L,MG_LATE_MET,18,3,15,5
L,MG_LATE_MET,18,4,18,4
L,MG_LATE_MET,18,5,20,4
L,MG_LATE_MET,18,6,23,5
L,MG_LATE_MET,19,1,12,5
L,MG_LATE_MET,19,2,15,4
L,MG_LATE_MET,19,3,17,4
L,MG_LATE_MET,20,1,10,2
L,MG_LATE_MET,20,2,12,5
L,MG_LATE_MET,20,3,15,6
L,MG_LATE_MET,20,4,18,6
L,MG_LATE_MET,21,1,12,3
L,MG_LATE_MET,21,2,15,4
L,MG_LATE_MET,22,1,9,4
L,MG_LATE_MET,22,2,12,4
L,MG_LATE_MET,22,3,15,4
L,MG_LATE_MET,22,4,18,5
L,MG_LATE_MET,23,1,9,2
L,MG_LATE_MET,23,2,12,4
L,MG_LATE_MET,23,3,15,2
L,MG_LATE_MET,23,4,17,2
L,MG_LATE_MET,24,1,9,3
L,MG_LATE_MET,24,2,11,4
L,MG_LATE_MET,24,3,14,6
L,MG_LATE_MET,24,4,17,4
L,MG_LATE_MET,24,5,20,3
L,MG_LATE_MET,24,6,24,4
L,MG_LATE_MET,25,1,9,3
L,MG_LATE_MET,25,2,12,4
L,MG_LATE_MET,25,3,14,4
L,MG_LATE_MET,25,4,17,3
L,MG_LATE_MET,25,5,20,4
L,MG_LATE_MET,25,6,23,5
L,MG_LATE_MET,26,1,9,3
L,MG_LATE_MET,26,2,12,3
L,MG_LATE_MET,26,3,15,2
L,MG_LATE_MET,26,4,18,4
L,MG_LATE_MET,26,5,21,1
L,MG_LATE_MET,26,6,23,2
L,MG_LATE_MET,27,1,9,2
L,MG_LATE_MET,27,2,12,4
L,MG_LATE_MET,27,3,15,3
L,MG_LATE_MET,27,4,18,1
L,MG_LATE_MET,28,1,10,3
L,MG_LATE_MET,28,2,12,4
L,MG_LATE_MET,28,3,15,6
L,MG_LATE_MET,28,4,18,7
L,MG_LATE_MET,28,5,21,2
L,MG_LATE_MET,29,1,9,3
L,MG_LATE_MET,29,2,12,4
L,MG_LATE_MET,29,3,15,5
L,MG_LATE_MET,29,4,18,4
L,MG_LATE_MET,29,5,24,1
L,MG_LATE_MET,30,1,9,3
L,MG_LATE_MET,30,2,12,5
L,MG_LATE_MET,30,3,15,5
L,MG_LATE_MET,30,4,18,6
L,MG_LATE_MET,30,5,21,1